spec_id,language,impl_pair,n_impls,jaccard,n_shared_subgraphs,n_union
t1-ac1-001,typescript,0-1,2,1.0,3,3
t1-ac1-001,ocaml,1-2,3,1.0,2,2
t1-ac2-001,go,0-2,3,1.0,6,6
t1-ac2-001,ocaml,0-2,3,1.0,1,1
t1-ac2-001,python,0-1,3,1.0,3,3
t1-ac3-001,typescript,0-1,3,1.0,3,3
t1-ac3-001,ocaml,0-1,3,1.0,1,1
t1-ac3-001,ocaml,0-2,3,1.0,1,1
t1-ac3-001,ocaml,1-2,3,1.0,1,1
t1-ac3-001,python,0-1,3,1.0,2,2
t1-ac3-001,python,0-2,3,1.0,2,2
t1-ac3-001,python,1-2,3,1.0,2,2
t1-ac3-001,rust,0-2,3,1.0,5,5
t1-ac3-002,go,0-2,3,1.0,4,4
t1-ac3-002,python,0-2,3,1.0,2,2
t1-ac3-002,rust,0-1,3,1.0,5,5
t1-ac4-001,go,1-2,3,1.0,5,5
t1-ac4-001,ocaml,0-1,3,1.0,1,1
t1-ac4-001,ocaml,0-2,3,1.0,1,1
t1-ac4-001,ocaml,1-2,3,1.0,1,1
t1-ac4-001,python,0-1,3,1.0,3,3
t1-ac4-001,python,0-2,3,1.0,3,3
t1-ac4-001,python,1-2,3,1.0,3,3
t2-ac1-001,go,0-1,2,1.0,5,5
t2-ac1-001,haskell,0-1,3,1.0,1,1
t2-ac1-001,ocaml,0-1,3,1.0,1,1
t2-ac2-001,python,1-2,3,1.0,5,5
t2-ac2-001,rust,0-1,3,1.0,15,15
t2-ac2-002,haskell,1-2,3,1.0,3,3
t2-ac2-002,ocaml,1-2,3,1.0,3,3
t2-ac2-002,python,0-1,3,1.0,5,5
t2-ac2-002,python,0-2,3,1.0,5,5
t2-ac2-002,python,1-2,3,1.0,5,5
t2-ac3-001,typescript,0-1,2,1.0,10,10
t2-ac3-001,ocaml,0-1,3,1.0,2,2
t2-ac3-001,ocaml,0-2,3,1.0,2,2
t2-ac3-001,ocaml,1-2,3,1.0,2,2
t2-ac3-001,python,0-1,2,1.0,4,4
t2-ac3-002,haskell,0-1,3,1.0,2,2
t2-ac3-002,haskell,0-2,3,1.0,2,2
t2-ac3-002,haskell,1-2,3,1.0,2,2
t2-ac3-002,ocaml,0-2,3,1.0,1,1
t2-ac3-002,rust,0-1,3,1.0,9,9
t2-ac3-002,rust,0-2,3,1.0,9,9
t2-ac3-002,rust,1-2,3,1.0,9,9
t2-ac4-001,go,0-2,3,1.0,8,8
t2-ac4-001,haskell,0-1,3,1.0,3,3
t2-ac4-001,haskell,0-2,3,1.0,3,3
t2-ac4-001,haskell,1-2,3,1.0,3,3
t2-ac4-001,typescript,1-2,3,1.0,5,5
t2-ac4-001,ocaml,0-1,3,1.0,1,1
t2-ac4-001,ocaml,0-2,3,1.0,1,1
t2-ac4-001,ocaml,1-2,3,1.0,1,1
t2-ac4-001,python,0-1,2,1.0,3,3
t3-ac2-002,go,0-2,3,1.0,10,10
t3-ac2-002,ocaml,0-1,3,1.0,2,2
t3-ac2-002,ocaml,0-2,3,1.0,2,2
t3-ac2-002,ocaml,1-2,3,1.0,2,2
t3-ac2-002,python,0-1,3,1.0,5,5
t3-ac2-002,python,0-2,3,1.0,5,5
t3-ac2-002,python,1-2,3,1.0,5,5
t3-ac3-001,go,0-2,3,1.0,8,8
t3-ac3-001,typescript,0-2,3,1.0,6,6
t3-ac4-001,haskell,0-2,3,1.0,3,3
t3-ac4-002,haskell,0-2,3,1.0,1,1
t3-ac4-002,ocaml,0-1,3,1.0,2,2
t4-ac1-001,go,0-1,3,1.0,7,7
t4-ac1-001,go,0-2,3,1.0,7,7
t4-ac1-001,go,1-2,3,1.0,7,7
t4-ac4-001,go,0-1,3,1.0,5,5
t4-ac4-001,go,0-2,3,1.0,5,5
t4-ac4-001,go,1-2,3,1.0,5,5
t4-ac4-001,typescript,0-1,2,1.0,6,6
t4-ac4-001,python,0-1,3,1.0,2,2
t4-ac4-001,python,0-2,3,1.0,2,2
t4-ac4-001,python,1-2,3,1.0,2,2
t4-ac4-003,go,1-2,3,1.0,6,6
t4-ac4-003,python,0-1,2,1.0,1,1
t3-ac2-001,typescript,0-1,3,0.8696,20,23
t3-ac2-002,rust,0-2,3,0.8,20,25
t4-ac4-001,rust,0-1,2,0.8,4,5
t2-ac2-002,rust,0-1,3,0.75,12,16
t3-ac4-001,rust,1-2,3,0.75,12,16
t4-ac4-002,haskell,0-2,3,0.75,3,4
t2-ac2-001,rust,0-2,3,0.7222,13,18
t2-ac2-001,rust,1-2,3,0.7222,13,18
t1-ac2-001,rust,0-1,3,0.7143,5,7
t2-ac3-002,python,0-1,3,0.7143,5,7
t3-ac3-001,python,0-2,3,0.7143,5,7
t2-ac3-001,rust,1-2,3,0.6667,10,15
t2-ac3-002,typescript,0-1,2,0.6667,8,12
t3-ac2-001,go,1-2,3,0.6667,12,18
t2-ac2-001,go,0-2,3,0.6364,7,11
t2-ac2-001,typescript,0-2,3,0.6364,7,11
t1-ac1-001,rust,0-1,2,0.6,3,5
t3-ac4-002,rust,0-2,3,0.6,3,5
t4-ac1-001,rust,0-2,3,0.6,9,15
t4-ac1-001,rust,1-2,3,0.6,9,15
t4-ac4-003,typescript,0-1,2,0.6,3,5
t2-ac3-002,go,0-2,3,0.5833,7,12
t2-ac3-002,python,0-2,3,0.5714,4,7
t2-ac3-002,python,1-2,3,0.5714,4,7
t3-ac4-002,typescript,1-2,3,0.5714,4,7
t3-ac2-002,typescript,0-1,2,0.5625,9,16
t4-ac4-002,typescript,0-1,3,0.5556,10,18
t1-ac4-001,rust,0-2,3,0.5455,6,11
t2-ac3-001,rust,0-1,3,0.5333,8,15
t1-ac2-001,go,0-1,3,0.5,4,8
t1-ac2-001,go,1-2,3,0.5,4,8
t1-ac2-001,ocaml,0-1,3,0.5,1,2
t1-ac2-001,ocaml,1-2,3,0.5,1,2
t1-ac3-001,go,0-1,3,0.5,3,6
t1-ac4-001,typescript,0-1,2,0.5,4,8
t2-ac2-001,haskell,0-1,3,0.5,2,4
t2-ac2-001,haskell,0-2,3,0.5,2,4
t2-ac2-001,haskell,1-2,3,0.5,2,4
t2-ac2-002,haskell,0-1,3,0.5,2,4
t2-ac2-002,haskell,0-2,3,0.5,2,4
t2-ac3-001,go,0-1,2,0.5,4,8
t2-ac4-001,go,0-1,3,0.5,5,10
t2-ac4-001,go,1-2,3,0.5,5,10
t3-ac4-001,haskell,0-1,3,0.5,2,4
t3-ac4-001,haskell,1-2,3,0.5,2,4
t3-ac4-001,ocaml,0-1,3,0.5,2,4
t3-ac4-001,ocaml,1-2,3,0.5,1,2
t3-ac4-001,python,1-2,3,0.5,2,4
t4-ac1-001,rust,0-1,3,0.5,8,16
t4-ac4-002,haskell,0-1,3,0.5,2,4
t4-ac4-002,typescript,0-2,3,0.5,9,18
t4-ac4-003,go,0-1,3,0.5,4,8
t4-ac4-003,go,0-2,3,0.5,4,8
t2-ac1-001,rust,0-1,2,0.4545,5,11
t1-ac3-001,go,0-2,3,0.4286,3,7
t1-ac3-002,rust,0-2,3,0.4286,3,7
t1-ac3-002,rust,1-2,3,0.4286,3,7
t2-ac2-001,typescript,0-1,3,0.4286,6,14
t2-ac2-001,typescript,1-2,3,0.4286,6,14
t2-ac4-001,typescript,0-1,3,0.4286,3,7
t2-ac4-001,typescript,0-2,3,0.4286,3,7
t3-ac2-002,go,0-1,3,0.4286,6,14
t3-ac2-002,go,1-2,3,0.4286,6,14
t3-ac4-002,rust,0-1,3,0.4286,3,7
t3-ac4-002,rust,1-2,3,0.4286,3,7
t4-ac1-001,typescript,0-1,3,0.4286,3,7
t2-ac3-001,rust,0-2,3,0.4118,7,17
t4-ac4-002,rust,0-1,3,0.4118,14,34
t3-ac2-001,go,0-2,3,0.4091,9,22
t3-ac2-001,typescript,1-2,3,0.4062,13,32
t2-ac2-002,ocaml,0-1,3,0.4,2,5
t2-ac2-002,ocaml,0-2,3,0.4,2,5
t3-ac2-001,python,0-2,3,0.4,2,5
t3-ac4-001,typescript,1-2,3,0.4,6,15
t3-ac4-001,python,0-2,3,0.4,2,5
t4-ac4-002,haskell,1-2,3,0.4,2,5
t3-ac2-001,typescript,0-2,3,0.3939,13,33
t4-ac4-002,typescript,1-2,3,0.3889,7,18
t3-ac2-002,rust,0-1,3,0.3871,12,31
t2-ac2-001,go,0-1,3,0.3846,5,13
t2-ac2-001,go,1-2,3,0.3846,5,13
t4-ac1-001,typescript,0-2,3,0.375,3,8
t4-ac1-001,typescript,1-2,3,0.375,3,8
t2-ac2-002,go,0-2,3,0.3571,5,14
t3-ac2-002,rust,1-2,3,0.3548,11,31
t1-ac3-002,go,0-1,3,0.3333,2,6
t1-ac3-002,go,1-2,3,0.3333,2,6
t1-ac3-002,python,0-1,3,0.3333,1,3
t1-ac3-002,python,1-2,3,0.3333,1,3
t2-ac2-001,ocaml,0-1,3,0.3333,2,6
t2-ac2-001,ocaml,0-2,3,0.3333,1,3
t3-ac2-001,ocaml,0-1,3,0.3333,2,6
t3-ac4-002,go,0-2,3,0.3333,2,6
t4-ac4-002,ocaml,0-2,3,0.3333,1,3
t4-ac4-003,rust,0-1,3,0.3333,2,6
t3-ac2-001,go,0-1,3,0.3182,7,22
t3-ac2-001,rust,1-2,3,0.2973,11,37
t2-ac4-001,rust,0-1,2,0.2941,5,17
t1-ac3-001,go,1-2,3,0.2857,2,7
t2-ac2-002,typescript,0-1,3,0.2857,4,14
t3-ac4-002,go,0-1,3,0.2857,2,7
t3-ac4-002,go,1-2,3,0.2857,2,7
t1-ac3-001,rust,0-1,3,0.25,2,8
t1-ac3-001,rust,1-2,3,0.25,2,8
t2-ac2-001,python,0-1,3,0.25,2,8
t2-ac2-001,python,0-2,3,0.25,2,8
t2-ac3-002,ocaml,0-1,3,0.25,1,4
t2-ac3-002,ocaml,1-2,3,0.25,1,4
t3-ac4-001,ocaml,0-2,3,0.25,1,4
t3-ac4-001,python,0-1,3,0.25,1,4
t4-ac4-002,python,0-2,3,0.25,2,8
t4-ac4-002,python,1-2,3,0.25,3,12
t1-ac4-001,rust,1-2,3,0.2353,4,17
t3-ac3-001,python,0-1,3,0.2222,2,9
t3-ac3-001,python,1-2,3,0.2222,2,9
t3-ac4-002,typescript,0-1,3,0.2222,2,9
t2-ac2-002,go,0-1,3,0.2143,3,14
t1-ac2-001,rust,0-2,3,0.2,2,10
t1-ac2-001,rust,1-2,3,0.2,2,10
t1-ac3-001,typescript,0-2,3,0.2,1,5
t1-ac3-001,typescript,1-2,3,0.2,1,5
t1-ac3-002,typescript,0-1,2,0.2,1,5
t1-ac4-001,go,0-1,3,0.2,1,5
t1-ac4-001,go,0-2,3,0.2,1,5
t1-ac4-001,rust,0-1,3,0.2,4,20
t2-ac2-001,ocaml,1-2,3,0.2,1,5
t2-ac2-002,go,1-2,3,0.2,3,15
t3-ac2-001,ocaml,1-2,3,0.2,1,5
t3-ac2-001,python,1-2,3,0.2,2,10
t3-ac2-001,rust,0-2,3,0.2,11,55
t3-ac4-002,typescript,0-2,3,0.2,2,10
t4-ac4-002,ocaml,0-1,3,0.2,1,5
t3-ac4-001,go,0-1,3,0.1905,4,21
t3-ac4-001,rust,0-1,3,0.1905,4,21
t3-ac4-001,rust,0-2,3,0.1905,4,21
t4-ac4-002,rust,0-2,3,0.1765,6,34
t3-ac2-001,rust,0-1,3,0.1739,8,46
t4-ac4-002,rust,1-2,3,0.1667,6,36
t2-ac2-002,rust,0-2,3,0.16,4,25
t2-ac2-002,rust,1-2,3,0.16,4,25
t2-ac3-002,go,1-2,3,0.1429,2,14
t3-ac3-001,go,0-1,3,0.1429,2,14
t3-ac3-001,go,1-2,3,0.1429,2,14
t3-ac3-001,typescript,0-1,3,0.1429,2,14
t3-ac3-001,typescript,1-2,3,0.1429,2,14
t3-ac3-001,rust,0-1,2,0.1429,2,14
t3-ac4-001,go,0-2,3,0.1429,3,21
t4-ac4-002,ocaml,1-2,3,0.1429,1,7
t4-ac4-003,rust,0-2,3,0.1429,1,7
t4-ac4-003,rust,1-2,3,0.1429,1,7
t4-ac4-002,go,0-1,3,0.1389,5,36
t2-ac3-002,go,0-1,3,0.1333,2,15
t3-ac2-001,python,0-1,3,0.125,1,8
t4-ac4-002,go,1-2,3,0.1154,6,52
t2-ac2-002,typescript,0-2,3,0.1111,1,9
t4-ac4-002,go,0-2,3,0.1026,4,39
t3-ac4-001,go,1-2,3,0.0952,2,21
t2-ac2-002,typescript,1-2,3,0.0909,1,11
t3-ac4-001,typescript,0-1,3,0.0714,1,14
t4-ac4-002,python,0-1,3,0.0714,1,14
t3-ac4-001,typescript,0-2,3,0.0667,1,15
t1-ac1-001,haskell,0-1,2,0.0,0,0
t1-ac1-001,ocaml,0-1,3,0.0,0,3
t1-ac1-001,ocaml,0-2,3,0.0,0,3
t1-ac1-001,python,0-1,2,0.0,0,0
t1-ac2-001,haskell,0-1,3,0.0,0,0
t1-ac2-001,haskell,0-2,3,0.0,0,0
t1-ac2-001,haskell,1-2,3,0.0,0,0
t1-ac2-001,python,0-2,3,0.0,0,6
t1-ac2-001,python,1-2,3,0.0,0,6
t1-ac3-001,haskell,0-1,3,0.0,0,0
t1-ac3-001,haskell,0-2,3,0.0,0,0
t1-ac3-001,haskell,1-2,3,0.0,0,0
t1-ac3-002,haskell,0-1,2,0.0,0,0
t1-ac3-002,ocaml,0-1,2,0.0,0,2
t1-ac4-001,haskell,0-1,3,0.0,0,0
t1-ac4-001,haskell,0-2,3,0.0,0,0
t1-ac4-001,haskell,1-2,3,0.0,0,0
t2-ac1-001,haskell,0-2,3,0.0,0,2
t2-ac1-001,haskell,1-2,3,0.0,0,2
t2-ac1-001,ocaml,0-2,3,0.0,0,2
t2-ac1-001,ocaml,1-2,3,0.0,0,2
t2-ac1-001,python,0-1,3,0.0,0,1
t2-ac1-001,python,0-2,3,0.0,0,2
t2-ac1-001,python,1-2,3,0.0,0,1
t2-ac3-001,haskell,0-1,3,0.0,0,0
t2-ac3-001,haskell,0-2,3,0.0,0,0
t2-ac3-001,haskell,1-2,3,0.0,0,0
t3-ac2-001,haskell,0-1,3,0.0,0,0
t3-ac2-001,haskell,0-2,3,0.0,0,0
t3-ac2-001,haskell,1-2,3,0.0,0,0
t3-ac2-001,ocaml,0-2,3,0.0,0,6
t3-ac2-002,haskell,0-1,3,0.0,0,0
t3-ac2-002,haskell,0-2,3,0.0,0,0
t3-ac2-002,haskell,1-2,3,0.0,0,0
t3-ac3-001,haskell,0-1,3,0.0,0,1
t3-ac3-001,haskell,0-2,3,0.0,0,1
t3-ac3-001,haskell,1-2,3,0.0,0,0
t3-ac4-002,haskell,0-1,3,0.0,0,1
t3-ac4-002,haskell,1-2,3,0.0,0,1
t3-ac4-002,ocaml,0-2,3,0.0,0,3
t3-ac4-002,ocaml,1-2,3,0.0,0,3
t3-ac4-002,python,0-1,2,0.0,0,0
t4-ac1-001,haskell,0-1,2,0.0,0,1
t4-ac1-001,ocaml,0-1,2,0.0,0,1
t4-ac1-001,python,0-1,2,0.0,0,1
t4-ac4-001,haskell,0-1,2,0.0,0,0
t4-ac4-001,ocaml,0-1,2,0.0,0,0
t4-ac4-003,haskell,0-1,3,0.0,0,0
t4-ac4-003,haskell,0-2,3,0.0,0,0
t4-ac4-003,haskell,1-2,3,0.0,0,0
t4-ac4-003,ocaml,0-1,2,0.0,0,0